Brand,(Multiple Items)
,
Row Labels,
B00DFBDALC,
B01EX9D3UW,
B079V2CCKX,
B07DKBC98S,
B07P8JZJHP,
B07S652B12,
B082QJ5LB2,
B082VFTLG5,
B088C6VTKY,
B08B8HTM8V,
B08GLFNKRT,
B08GLGJJ81,
B08HXRH5MQ,
B08HYT8354,
B08JR7DSJX,
B08N5YC26R,
B0979R48CX,
B099MQG6CX,
B09J5893W2,
B09PNS3DL2,
B09YS9N7H2,
B0B1PCD8SN,
B0B2CTWVJ6,
B0B42KZTH2,
B0B42P2TXX,
B0B42QJL5B,
B0B49JW6HF,
B0B4X3H4MZ,
B0B8572DLZ,
B0BD2GH3FM,
B0BDL3Q6KC,
B0BKRR11QM,
B0BPM5XJMY,
B0BQCN32GS,
B0BTMGNHQH,
B0C1TJ26X9,
B0C2JD5H7D,
B0C3VTL7GP,
B0C55RP9QP,
B0C5R6CQPC,
B0C5R6ZYBP,
B0C7CWS4KK,
B0C81J4TLP,
B0C81NPVZ3,
B0CB6B2JWG,
B0CCYM47NF,
B0CD9PRY3Z,
B0CDNR1ZB6,
B0CFYJ3DZ2,
B0CHFMFX7H,
B0CHWL7B11,
B0CJ62XYN4,
B0CJRWZPP5,
B0CJTXVH15,
B0CJTYTWSZ,
B0CJTZ134G,
B0CMDFZ213,
B0CMH3CYNB,
B0CN5L69HV,
B0D15GDCMY,
B0D15YWYMD,
B0D48T3RT4,
B0D6YXMYGH,
B0D8LJ81NK,
B0DBGJQPND,
B0DBVW1RFW,
B0DCGLPW84,
B0DD4FRYW4,
B0DDZVKVNJ,
B0DH8D2B7Q,
B0DHS9X9YN,
B0DHSFGRWD,
B0DJ82JKFL,
B0DJMHC6QQ,
B0DPKQLR4H,
B0DQKQ3F2C,
B0DQQCKDZN,
B0DSR14R6J,
B0DTB41T7M,
B0DVGW9965,
B0DVLYJJPB,
B0DX266B29,
B0DXZST2JG,
B0DZZGY5XG,
B0DZZTFFG5,
B0F29HWWD3,
B0F5X42LKF,
B0F847R8CC,
B0F84BM4HZ,
B0FBT51RG6,
B0FCMGTL9C,
B0FJ23YYQZ,
B0FKMPW47N,
B0FQ685GBZ,
B0FQJB8LDK,
B0FQJJ56DB,
B0FS7L3Y9G,
B0FS7QVST1,
B0FS7S3FZ8,
B0FT37QR5C,
B0FTMW8GYM,
B0FWC2CZWD,
B0FY73F3CD,
B0G3WW5KH6,
B0GGB1BW8L,
B0GJFRVYSY,
B0GMQC96GQ,
B0H6J2M357,
Grand Total,
